time_s,current_density_Acm2,voltage_exp_V,voltage_model_V,temperature_exp_C,temperature_model_C,max_ice_volume_fraction,max_pore_ice_saturation,membrane_lambda_mean,plate_anode_C,plate_cathode_C,generated_water_kgm2,retained_pore_water_kgm2,membrane_sorbed_kgm2,escaped_water_kgm2,mass_balance_error_kgm2,heat_generated_Jm2,latent_released_Jm2,heat_lost_Jm2,heat_storage_Jm2,energy_balance_error_Jm2
0.0,0.006,0.799,0.8122955650942976,-19.99535477911209,-19.99535477911212,0.0,0.0,2.9999999999999996,-19.99535477911209,-19.99535477911209,0.0,0.0,-2.168404344971009e-19,0.0,2.168404344971009e-19,0.0,0.0,0.0,0.0,0.0
0.2,0.006,0.799,0.8123129964967591,-19.99535477911209,-19.989602630940226,0.0,0.0,3.0000010936053694,-19.994187321963892,-19.994185828574984,1.11934497590299e-06,3.9738679558147586e-09,5.078703336786755e-10,1.1148632376126859e-06,8.10822288759179e-19,8.012321131639847,0.0,0.0857521479465504,7.926569027315458,-4.3622160994516435e-08
0.4,0.007,0.8,0.8039698171686964,-19.993905207799145,-19.98759392128744,0.0,0.0,3.000002280098676,-19.992868242545114,-19.992866231057235,2.3319686997978956e-06,4.551435250418545e-09,1.058877825265564e-09,2.3263583867216025e-06,6.090166890758419e-19,16.748955528142204,0.0,0.1916936293157505,16.557261986225992,-8.739953827330282e-08
0.6,0.007,0.8,0.8039745395990675,-19.992502715071993,-19.986012549902853,0.0,0.0,3.0000035577903583,-19.991434807812993,-19.991432409017136,3.637871171684717e-06,4.636165975448994e-09,1.6522378424189271e-09,3.63158276786608e-06,7.691059161069047e-19,26.213351246290074,0.0,0.32015002280888893,25.8932013079441,-8.446291488439783e-08
0.8,0.006,0.8,0.8123255972741397,-19.99106601796501,-19.98539045439469,0.0,0.0,3.000004800546468,-19.990107072632156,-19.990104565873764,4.850494895579623e-06,4.062917146295499e-09,2.22937377976698e-09,4.844202604652534e-06,1.026603932072212e-18,34.94988073179128,0.0,0.47024115689830526,34.47963969722181,-1.2232883506158032e-07
1.0,0.006,0.8,0.8123288274304202,-19.98963334868654,-19.984308914095067,0.0,0.0,3.0000058955531492,-19.988900156071168,-19.988897465369206,5.969839871482613e-06,3.973822336270659e-09,2.737894882380923e-09,5.963128154262871e-06,1.0901314031162845e-18,42.96196044324821,0.0,0.640629134660253,42.32133142810386,-1.1951590295211645e-07
1.2,0.007,0.8,0.8039855560455986,-19.988242898954383,-19.982318685111892,0.0,0.0,3.000007081327685,-19.987593966451612,-19.987590879937727,7.182463595377518e-06,4.551339331430364e-09,3.288568576958681e-09,7.174623687467851e-06,1.2781727174067392e-18,51.69838964841749,0.0,0.8310456480890251,50.867344116790996,-1.1646253028629872e-07
1.4,0.007,0.8,0.8039902437413596,-19.986818077674656,-19.980750314212457,0.0,0.0,3.0000083585204402,-19.986173466408644,-19.986170101018956,8.48836606726434e-06,4.636041557178926e-09,3.881696892518369e-09,8.479848328813516e-06,1.1265538198482195e-18,61.162565190826285,0.0,1.0437691308549346,60.118796173574495,-1.1360314289277085e-07
1.6,0.007,0.8,0.8039944804205502,-19.985473550325025,-19.9793311298495,0.0,0.0,3.0000096960902574,-19.984754678147482,-19.984751098176474,9.794268539151163e-06,4.65993963779722e-09,4.502864315355376e-09,9.78510573519661e-06,1.4009924947586128e-18,70.62667799178868,0.0,1.2786464548918504,69.34803163820895,-1.0131212491160113e-07
1.8,0.006,0.8,0.8123456031297352,-19.984094614370747,-19.97870534755498,0.0,0.0,3.0000108823635703,-19.983443640902266,-19.983440068090374,1.100689226304607e-05,4.058430380644657e-09,5.05376964213787e-09,1.099778006302173e-05,1.556846557053404e-18,79.36292964605751,0.0,1.5359852052506768,77.82694453907733,-9.827050462263287e-08
2.0,0.007,0.8,0.804001814342781,-19.98264301189576,-19.97687290618586,0.0,0.0,3.000012067983752,-19.982149172013408,-19.982145329177058,1.2219515986940975e-05,4.5511845821262315e-09,5.604371654038473e-09,1.2209360430703115e-05,1.6957599604031093e-18,88.09914531107142,0.0,1.8136035772704646,86.28554182908786,-9.528690725346678e-08
2.2,0.006,0.8,0.8123533184306516,-19.981233739111815,-19.97612796106361,0.0,0.0,3.000013310308231,-19.980845913011308,-19.980842072481067,1.3432139710835883e-05,4.062678583818447e-09,6.181307142787834e-09,1.3421895725107427e-05,1.849919956803392e-18,96.83531593058315,0.0,2.1120316958616288,94.72328431780944,-8.308792587286007e-08
2.4,0.006,0.8,0.81235648318839,-19.97982836914474,-19.975069134688766,0.0,0.0,3.0000144050799644,-19.979661728274408,-19.979657839430757,1.4551484686738871e-05,3.973584640632696e-09,6.689719135631947e-09,1.454082138296106e-05,1.5466821616863524e-18,104.84706327345744,0.0,2.4303808256790487,102.41668254312017,-9.534178957437689e-08
2.6,0.006,0.8,0.8123600167737709,-19.978465069634865,-19.97388925198888,0.0,0.0,3.000015551609274,-19.978481824170473,-19.9784778603765,1.5670829662641862e-05,3.994066525031722e-09,7.2221673468042535e-09,1.5659613428768163e-05,1.8634724839594607e-18,112.85876847149355,0.0,2.767155456140472,110.09161309830142,-8.294834685784735e-08
2.8,0.006,0.8,0.8123635409727229,-19.977105534431615,-19.9727121920931,0.0,0.0,3.0000166463817948,-19.97730489472545,-19.97730086402555,1.679017463854485e-05,3.9735141887066515e-09,7.73057970545818e-09,1.677847054464808e-05,2.605473345754228e-18,120.8704323612964,0.0,3.1232512346093695,117.74718122194356,-9.525653865694039e-08
3.0,0.006,0.8,0.8123670571695694,-19.975673343168808,-19.971537960007822,0.0,0.0,3.000017792929455,-19.976130787038358,-19.97612669637644,1.790951961444784e-05,3.9939987569706656e-09,8.263036438893243e-09,1.7897262579249165e-05,2.812149384884277e-18,128.88205294909184,0.0,3.497680590554455,125.38437244120031,-8.266292184089252e-08
3.2,0.006,0.8,0.812370564622166,-19.974206805547624,-19.970366617344155,0.0,0.0,3.0000189394976107,-19.974959566543447,-19.97495542234992,1.9028864590350832e-05,3.993965744942654e-09,8.795502690539178e-09,1.901607512191237e-05,2.9815559743351372e-18,136.89363138485817,0.0,3.8908683920852583,133.00276306335982,-7.058690698613646e-08
3.4,0.006,0.8,0.8123740625533294,-19.972820922226305,-19.969198228556166,0.0,0.0,3.000020034270695,-19.973791297941233,-19.973787106137365,2.014820956625382e-05,3.9734150063441496e-09,9.303915310919508e-09,2.0134932235933465e-05,3.0899761915836876e-18,144.90516882012392,0.0,4.303235004158841,140.60193389876196,-8.279687335743802e-08
3.6,0.006,0.8,0.8123775526961646,-19.97143886873448,-19.96803264684189,0.0,0.0,3.000021180807909,-19.97262583121602,-19.972621596878128,2.126755454215681e-05,3.993900644767159e-09,9.836367193200371e-09,2.1253724274315745e-05,3.1001405869507392e-18,152.91666327478114,0.0,4.733800133305022,148.18286321234973,-7.087359676916094e-08
3.8,0.007,0.8,0.8040340460250046,-19.970022418720248,-19.966082382177234,0.0,0.0,3.0000223664177423,-19.971359632895883,-19.971355162031273,2.2480178266051716e-05,4.550834094488024e-09,1.0386964399483264e-08,2.2465240467554756e-05,2.9883322379131716e-18,161.6524604961689,0.0,5.184217368816984,156.46824321045253,-8.310058774441131e-08
4.0,0.006,0.8,0.8123855472606104,-19.968648126966286,-19.965363805670023,0.0,0.0,3.000023608718626,-19.970082909425656,-19.970078507529763,2.3692801989946624e-05,4.06237120158591e-09,1.0963888929550747e-08,2.367777572981241e-05,3.076423664427619e-18,170.38821206807114,0.0,5.655027968932313,164.7331841698656,-7.072677021824347e-08
4.2,0.006,0.8,0.8123886329897565,-19.967353781243105,-19.96433148244975,0.0,0.0,3.0000247552366863,-19.96892511742942,-19.968920727139817,2.4812146965849615e-05,3.993802550730665e-09,1.1496331917036987e-08,2.479665683137864e-05,3.2085608041992897e-18,178.39957221520427,0.0,6.1448628710807265,172.25470940276372,-5.8640182487579295e-08
4.4,0.006,0.801,0.8123920876048414,-19.966062995180636,-19.963177950165772,0.0,0.0,3.0000259017261803,-19.967771618384745,-19.96776720728036,2.5931491941752606e-05,3.993768966721396e-09,1.2028761638008603e-08,2.5915469411144885e-05,2.9917203697021888e-18,186.41089199488218,0.0,6.65317344921375,179.7577185919808,-4.631235128726985e-08
4.6,0.007,0.801,0.8040485109711273,-19.964737756967992,-19.961239651196024,0.0,0.0,3.0000270872768136,-19.966517361536006,-19.96651273340146,2.7144115665647507e-05,4.550683839364664e-09,1.2579331352177009e-08,2.712698565045201e-05,3.953949797783074e-18,195.1465006921506,0.0,7.181139960459585,187.96536079645608,-6.476506086983136e-08
4.8,0.006,0.801,0.8124000113299179,-19.963416191841873,-19.96053298747313,0.0,0.0,3.000028329523446,-19.965252552057905,-19.965248010494406,2.8356739389542415e-05,4.062236415734292e-09,1.3156230687988088e-08,2.8339520922435112e-05,3.581255300991182e-18,203.88206420067414,0.0,7.729313658783484,196.15275059441643,-5.252579171610705e-08
5.0,0.007,0.801,0.8040560840539949,-19.962098284320717,-19.958704411395985,0.0,0.0,3.0000295711187706,-19.96400319726513,-19.963998479120164,2.9569363113437323e-05,4.590735353442696e-09,1.3732827556980215e-08,2.955103955052355e-05,3.350862339338012e-18,212.61759016255553,0.0,8.297037891622494,204.320552311321,-4.0387959643339855e-08
5.2,0.007,0.801,0.8040605388285351,-19.960707765800493,-19.957214568010556,0.0,0.0,3.0000309084645664,-19.962640392088417,-19.96263557059902,3.0875265585324144e-05,4.6592275125474145e-09,1.435389094454724e-08,3.08562524668635e-05,3.550762114890027e-18,222.08077813419732,0.0,8.88610428838556,213.1946738740813,-2.8269539598113624e-08
5.4,0.007,0.801,0.8040646034913775,-19.95932112290177,-19.955853447811194,0.0,0.0,3.000032245790495,-19.961279480248606,-19.961274598298814,3.2181168057210965e-05,4.659187450298849e-09,1.4974945105987458e-08,3.21615339246512e-05,3.4762232155316486e-18,231.54390776689775,0.0,9.496965921133054,222.04694186168814,-1.5923433238640428e-08
5.6,0.007,0.801,0.804068657316732,-19.958052539033645,-19.95449583179129,0.0,0.0,3.000033522668786,-19.95992199878569,-19.959917063103205,3.348707052909778e-05,4.635215326495989e-09,1.5567927384501842e-08,3.346686738638392e-05,2.8663594935085523e-18,241.0069819638376,0.0,10.130112559627106,230.8768694388077,-3.459717845544219e-08
5.8,0.006,0.801,0.812419715056642,-19.956787439576374,-19.95395142379337,0.0,0.0,3.0000347647909114,-19.958671723036417,-19.958666943908497,3.469969425299269e-05,4.0620601648495815e-09,1.614476889916054e-08,3.467948742392557e-05,3.110304982317791e-18,249.74228775305193,0.0,10.78368378476007,238.95860399051745,-2.222557782260992e-08
6.0,0.006,0.802,0.8124227179004609,-19.95548786883316,-19.952947270762536,0.0,0.0,3.000035911144039,-19.957542000567543,-19.957537275211394,3.5819039228895676e-05,3.99349408084948e-09,1.6677135291666423e-08,3.57983685995205e-05,2.6630715861675203e-18,257.75323828224447,0.0,11.455830933715335,246.29740735843802,-9.908887932397192e-09
6.2,0.005,0.797,0.822002387997905,-19.954115714078767,-19.95262006103357,0.0,0.0,3.000036962375499,-19.95651897712449,-19.95651447050909,3.684510545680675e-05,3.396422467153475e-09,1.7165327182008458e-08,3.682454370715477e-05,2.8189256484623115e-18,265.0467859251422,0.0,12.145293789142672,252.90149213379644,2.2031088064977666e-09
6.4,0.01,0.765,0.7836560480258576,-19.952086185736107,-19.94776583751198,0.0,0.0,3.0000383934346457,-19.955095360551866,-19.95508993683137,3.824428667668549e-05,6.3129992554354904e-09,1.7829911049547023e-08,3.822014376637766e-05,2.8528069663524835e-18,275.2611699821688,0.0,12.853305484950127,262.40786448247366,1.4745012322237017e-08
6.6,0.015,0.739,0.7578691210350746,-19.948801165481086,-19.940907187918953,0.0,0.0,3.0000406708641174,-19.952526052685755,-19.952519149565433,4.057625537648338e-05,9.50838248231787e-09,1.8887549295843603e-08,4.054785944470191e-05,3.3068166260807885e-18,293.0276135126888,0.0,13.59605358140045,279.4315599350326,-3.744276000361424e-09
6.8,0.02,0.718,0.7372272772250301,-19.944201846122212,-19.932439979335612,0.0,0.0,3.000044008302812,-19.94875531653622,-19.948746522942088,4.384101155620044e-05,1.2967955813081497e-08,2.043745582621867e-08,4.38076061445577e-05,3.435565634063442e-18,318.69073983424266,0.0,14.390324294309107,304.30041553161516,8.318409072671784e-09
7.0,0.025,0.699,0.719406559188286,-19.937825035820026,-19.92267944068817,0.0,0.0,3.0000482961544903,-19.943737949627263,-19.94372696363888,4.8038555215836654e-05,1.629504845805964e-08,2.2428734145103768e-08,4.799983143322994e-05,3.550762114890027e-18,352.53918115543553,0.0,15.256868021383093,337.2823131136524,2.0400079847604502e-08
7.2,0.032,0.682,0.6973178462737857,-19.929496322579922,-19.909555391220607,0.0,0.0,3.0000537214388623,-19.93719156852285,-19.937177592961177,5.335544385137586e-05,2.0815565872097694e-08,2.4948236207597216e-08,5.330968004929295e-05,3.2187251995663413e-18,396.5604169244173,0.0,16.21767772521146,380.34273916665035,3.255553338021855e-08
7.4,0.038,0.667,0.6801314568768039,-19.92003469485607,-19.89502016399146,0.0,0.0,3.000060376526625,-19.92890916011214,-19.92889189419364,5.988495621080997e-05,2.4875543183040197e-08,2.8038858964664348e-08,5.9832041808659215e-05,3.0560948736935156e-18,451.97421250252876,0.0,17.300165738433797,434.67404671953534,4.4559612888406264e-08
7.6,0.04,0.653,0.6746878001079583,-19.909472025613894,-19.882959541716957,0.0,0.0,3.000067450268678,-19.919504279718893,-19.919484466047948,6.716069855417939e-05,2.631082619644816e-08,3.1323904774041914e-08,6.710306382320591e-05,2.9815559743351372e-18,514.5790878483067,0.0,18.53111624348212,496.04797157908354,2.5741030640347162e-08
7.8,0.046,0.64,0.6589110161465243,-19.897330862705047,-19.866720679879904,0.0,0.0,3.000075607894343,-19.909027078356786,-19.90900383970336,7.518267088148415e-05,3.019534429442614e-08,3.511230613293531e-08,7.511736323105292e-05,3.876022766635678e-18,584.5362993818958,0.0,19.917688779057155,564.6186105647423,3.809634563367581e-08
8.0,0.05,0.628,0.648841247671945,-19.88363509283107,-19.850165619201192,0.0,0.0,3.000084704278654,-19.89712701584469,-19.897100386507645,8.413743068870808e-05,3.299119379682133e-08,3.933666700662794e-08,8.406510282790003e-05,4.607859233063394e-18,663.8536657889468,0.0,21.486226112580336,642.3674396260071,5.0359403758193366e-08
8.2,0.056,0.616,0.6342340222349648,-19.868254150812646,-19.830711543807695,0.0,0.0,3.0000942830653696,-19.883802527306926,-19.88377196613888,9.402497797585113e-05,3.655604142701222e-08,4.378505555737225e-08,9.394463687886142e-05,5.3261431723350405e-18,752.7505245519469,0.0,23.263512475717352,729.4870120442719,3.195771114405943e-08
8.4,0.061,0.606,0.622469583029853,-19.851221578230565,-19.809777511342247,0.0,0.0,3.000105341658108,-19.868857025146497,-19.868822313406014,0.00010493859149090534,4.023322089282216e-08,4.8920666025293116e-08,0.00010484943760398175,5.4752209710517974e-18,852.4068652929667,0.0,25.264494923359127,827.1423703552194,1.4388092495210003e-08
8.6,0.066,0.595,0.6110062222908058,-19.83252215544735,-19.787711822870676,0.0,0.0,3.0001167891942995,-19.852411386852623,-19.852372454579893,0.00011678499248587861,4.325064165532425e-08,5.4236901832552253e-08,0.0001166875049423854,5.3261431723350405e-18,962.0544690424356,0.0,27.525659539252228,934.5288095072802,-4.096932570973877e-09
8.8,0.074,0.586,0.5931507374942101,-19.81157153000359,-19.76024854467164,0.0,0.0,3.0001299856444303,-19.834002400044568,-19.833958097160746,0.0001298440172047469,4.866309439755622e-08,6.036533327347625e-08,0.0001297349887770703,5.583641188300348e-18,1084.9948522712127,0.0,30.060971603159135,1054.9338806899425,-2.1888808987569064e-08
9.0,0.078,0.576,0.5844686782849394,-19.7886399100623,-19.734484899759025,0.0,0.0,3.0001436473154977,-19.813677163993532,-19.813628123540468,0.00014402238689951806,5.126289102591174e-08,6.67098133170195e-08,0.00014390441419516952,5.6107462426124854e-18,1220.4646854831374,0.0,32.91896842551635,1187.5457170979055,-4.0284476199303754e-08
9.2,0.083,0.568,0.5738461859314732,-19.764193545311173,-19.70683058759127,2.0960549713603646e-06,4.982303235940966e-06,3.0006512335473055,-19.7919360562191,-19.791882096174646,0.00015904026532621645,2.2715118726379992e-07,3.0243285936877584e-07,0.00015851068127957878,5.095750210681871e-18,1365.514148492965,0.0011807932730055876,36.1159830928378,1329.3993462475482,-5.41479039384285e-08
9.4,0.09,0.559,0.5594771042899468,-19.738355627919475,-19.674670954502204,8.039301612201434e-06,1.9109345405755724e-05,3.0026947392735304,-19.76828244173248,-19.768222653915075,0.000175177488728818,6.257960105415519e-07,1.2514369186274361e-06,0.00017330025579964393,5.068645156369733e-18,1523.5441530908026,0.006312818098389593,39.66962689233324,1483.880839088854,-7.228618414956145e-08
9.6,0.092,0.551,0.5561075658509783,-19.711132557521893,-19.64614695595654,1.6589020478621477e-05,3.943194789308647e-05,3.0065448095864085,-19.74312684001322,-19.743062375776447,0.00019215422086334662,8.671045176162128e-07,3.0394095719280586e-06,0.00018824770677379683,5.5294310796760726e-18,1691.3769716628692,0.015542617588607635,43.62836449421583,1647.764149877179,-9.093719199881889e-08
9.8,0.097,0.544,0.546830870071913,-19.682289826550175,-19.614099479103146,2.713822072586093e-05,6.450729908690498e-05,3.0114000488109487,-19.71688126415191,-19.71681157028698,0.0002097839042338188,1.1970472166273972e-06,5.294182667804582e-06,0.0002032926743493815,5.312590645178972e-18,1866.870103462485,0.027830300162723837,47.988777889402186,1818.9091559771982,-1.0395251592854038e-07
10.0,0.102,0.538,0.5381206213070722,-19.651711527514692,-19.580029232931167,3.925765604134824e-05,9.331508448145529e-05,3.0180050463614534,-19.689007994500002,-19.688932816800815,0.00022834637508421,1.5066406510677672e-06,8.36154353025891e-06,0.0002184781909028778,5.5294310796760726e-18,2053.42428464469,0.043753856655494555,52.795957517312445,2000.67208109772,-1.1368661034794059e-07
10.2,0.106,0.531,0.5319208913784089,-19.619464591518124,-19.545381108231254,5.306521699942781e-05,0.00012613552887907726,3.026104058939561,-19.659661750348903,-19.659581219271757,0.0002477483546665284,1.8413750482196932e-06,1.212272497153207e-05,0.00023378425464677075,5.908901840045999e-18,2249.9529904123774,0.06333359036964199,58.06429822594144,2191.9520259040332,-1.2722784958896227e-07
10.4,0.113,0.525,0.5204101589470105,-19.58555566752341,-19.505632628265687,6.94064802237036e-05,0.00016497856007535914,3.0357089000462194,-19.62852543623103,-19.628438542891814,0.00026817640047675805,2.386363041158442e-06,1.6583213181464154e-05,0.00024920682425412917,6.288372600415926e-18,2458.8320309959763,0.08782116517156409,63.80630081015826,2395.11355148952,-1.3853014024789445e-07
10.6,0.117,0.52,0.5154843128335094,-19.54993045199214,-19.46710577611563,8.724121178699972e-05,0.00020737155166864683,3.0476319797169165,-19.595539908658026,-19.595447210077282,0.0002896305125148986,2.7285397587522434e-06,2.212029138053584e-05,0.0002647816813756042,6.288372600415926e-18,2680.0469179053325,0.11682750104859065,70.07885168560671,2610.084893879381,-1.5860678104218096e-07
10.8,0.126,0.513,0.5018628737382217,-19.512346954953415,-19.420988179955117,0.00010770049100930171,0.00025600306871714215,3.0611487644141198,-19.56042100131674,-19.560320892459913,0.0003122972482769343,3.424474583180983e-06,2.8397486193917475e-05,0.00028047528749982947,6.342582709040201e-18,2916.056984002051,0.1514968701220168,76.88421188567868,2839.3242691592086,-1.7271395336138085e-07
11.0,0.131,0.511,0.4967315994646595,-19.473188116194308,-19.3764220046246,0.00012988845668586907,0.00030874365744204676,3.0776304602062226,-19.522901205156046,-19.52279430418136,0.0003362698865108566,3.873730048361665e-06,3.605158571976961e-05,0.00029634457074271885,6.451002926288751e-18,3167.9997883565657,0.19191427627135932,84.29144958345005,3083.9002532343184,-1.8493165043764748e-07
11.2,0.134,0.507,0.4957111762382647,-19.432962161201402,-19.333593749111458,0.00015342685315058112,0.00036469420763152156,3.095575667231579,-19.48411384035768,-19.48400097317665,0.00036098875472871417,4.2739710408103065e-06,4.438533986234538e-05,0.000312329443825552,6.451002926288751e-18,3428.5789246482277,0.23612486517952092,92.3126947108599,3336.502355000755,-1.982075445994269e-07
11.4,0.143,0.504,0.4848365680018057,-19.39104885190491,-19.28214375340923,0.00017955798535067074,0.0004268076666286445,3.1148765853423437,-19.443419005834727,-19.443298355151626,0.00038682696792247497,5.059074663667933e-06,5.334868623298444e-05,0.00032841920702581667,5.908901840045999e-18,3702.6619469108527,0.28620299742480615,100.95459199462681,3601.9935581299696,-2.1631876734318212e-07
11.6,0.144,0.501,0.4884889127025822,-19.34733006577775,-19.2375603028014,0.00020683765969541456,0.0004916511996563217,3.136853112913665,-19.40107117263193,-19.400944736629555,0.0004135979685961547,5.370454880107356e-06,6.355458563710582e-05,0.0003446729280789354,6.1257422745431e-18,3987.5716498876363,0.34085211912253327,110.28421211396008,3877.6282901268505,-2.3405164029099979e-07
11.8,0.15,0.498,0.4840386574066895,-19.301939615369232,-19.187711263747246,0.00023605411801707514,0.0005610984502426317,3.159319643951286,-19.357776402083005,-19.3576433233807,0.0004410219205057781,6.028728584407955e-06,7.398804265097746e-05,0.00036100514927038725,5.421010862427522e-18,4279.608753935411,0.39963769489426,120.28134593858947,4159.72704594238,-2.506640157662332e-07
12.0,0.154,0.495,0.4835776990878401,-19.25513738408463,-19.137931251956672,0.00026594517742588075,0.0006321492213593553,3.1841156432040116,-19.312945104383232,-19.312805714386855,0.0004693786598953204,6.387815646356774e-06,8.550330470394308e-05,0.0003774875395450143,6.2341624917916505e-18,4582.251030958251,0.4618890245241754,131.00489594873238,4451.708024296936,-2.62893081526272e-07
12.2,0.162,0.493,0.47748338092885023,-19.206363781584567,-19.081995133154606,0.0002971352929608573,0.0007062878368453941,3.2104282723860513,-19.266275591788485,-19.266128711271364,0.0004988547442607657,7.032895319482852e-06,9.772288969608239e-05,0.0003940989592451946,5.854691731421724e-18,4897.8892587033815,0.528290662806742,142.46238495041914,4755.955164697697,-2.8192698664497584e-07
12.4,0.167,0.49,0.4766642610095928,-19.155564528274223,-19.02638815296757,0.00033157224948032846,0.000788144163252504,3.238481229102162,-19.217519547723697,-19.217365482327807,0.0005295434523501062,7.956148481375915e-06,0.00011075068279504398,0.0004108366210736805,5.854691731421724e-18,5227.67083288199,0.6027017530332431,154.66931449278022,5073.604220445005,-3.0276260076789185e-07
12.6,0.172,0.489,0.4765913930335299,-19.103318246367817,-18.970588506331154,0.0003668712023063502,0.0008720494468893515,3.269226358249579,-19.16732273695314,-19.16716183955387,0.0005611649479193656,8.395335047639977e-06,0.0001250287207711046,0.0004277408921006157,5.366800753803247e-18,5567.541837456504,0.6812355828726107,167.69046874539325,5400.532604612335,-3.1835133995627984e-07
12.8,0.176,0.487,0.4781709920737527,-19.049313542595623,-18.914455566125127,0.000404625099999477,0.0009617901117173211,3.300697181000374,-19.115881080423975,-19.115713610677375,0.0005936259522205525,9.236129571474499e-06,0.00013964377085657373,0.00044474605179249915,5.149960319306146e-18,5916.2340761567775,0.7656537071632614,181.50713228443033,5735.492597913825,-3.343147909617983e-07
13.0,0.18,0.486,0.48023659520751555,-18.994126214383098,-18.857975410707127,0.00044279920218267307,0.0010525295987227788,3.334433777521647,-19.063443170163737,-19.063269451315904,0.0006268331865056744,9.613892091358725e-06,0.00015531104628105277,0.0004619082481332573,5.692061405548898e-18,6272.209260961819,0.8529498838667724,196.17755646107406,6076.8846547406065,-3.5599441616795957e-07
13.2,0.185,0.485,0.48121181077551706,-18.937757407420886,-18.799094889228485,0.00048193939279363716,0.0011455654689651465,3.3691908984784,-19.009849764846393,-19.009669570204153,0.0006608799295227236,1.02309657168227e-05,0.0001714522532533689,0.0004791967105525265,5.5294310796760726e-18,6636.636573740965,0.9434798545891041,211.69815033360646,6425.881903631058,-3.6911023926222697e-07
13.4,0.189,0.485,0.4836527736237649,-18.879828857804963,-18.739870885806,0.0005238904715870971,0.0012452827943596318,3.4048328283929616,-18.955083043874964,-18.95489657686025,0.0006957661812717003,1.1172098755867947e-05,0.00018800436550569133,0.0004965897170101355,5.637851296924623e-18,7009.477874106806,1.0407530791777497,228.06654477149723,6782.4520827963,-3.8181315176188946e-07
13.6,0.195,0.484,0.4841510029246719,-18.82040590505613,-18.677707831177003,0.0005664984476717931,0.0013465615585257738,3.4430309086224273,-18.899040744934155,-18.898847630270808,0.000731585220500596,1.1681124292800689e-05,0.0002057435539642553,0.0005141605422435346,5.312590645178972e-18,7391.6413310634125,1.1416210623869145,245.3451130094323,7147.437839511723,-3.9535643736599013e-07
13.8,0.199,0.489,0.4871639757104626,-18.76018287478757,-18.61581721048671,0.0006117817090158487,0.0014541994509528135,3.4819265142825855,-18.84168144598334,-18.841482009977796,0.000768337047209411,1.268906332209424e-05,0.00022380667323283255,0.0005318413106544787,5.421010862427522e-18,7783.1397905708145,1.2491565459074647,263.5114957594302,7520.877451772695,-4.15403519582469e-07
14.0,0.2,0.496,0.49377088296399124,-18.70032242179482,-18.55786313189313,0.0006573166533137974,0.0015624355914280897,3.522915844580327,-18.783965814334863,-18.78376143714155,0.0008055552676581852,1.3015419616858951e-05,0.0002428421182231039,0.0005496977298182172,5.204170427930421e-18,8177.588226435585,1.3590696217987528,282.6236344756763,7896.323662016745,-4.35037691204343e-07
14.2,0.201,0.502,0.5000174692080576,-18.64115015702762,-18.500671891226744,0.0007030175082287109,0.001671066099901856,3.563842779484239,-18.726473979388203,-18.726265296284936,0.0008429600456029433,1.3452307474459055e-05,0.00026184858679248056,0.0005676591513359992,4.553649124439119e-18,8571.459334512787,1.469619067458342,302.6570340877024,8270.271919950783,-4.5823981054127216e-07
14.4,0.2,0.507,0.5079133348783734,-18.582533091790246,-18.44619741373947,0.000750421177319985,0.001783744181887295,3.604162922272942,-18.669516829528874,-18.669304869321337,0.0008803648235477017,1.4113389622519993e-05,0.00028057326110355403,0.0005856781728216229,4.87890977618477e-18,8962.58377587056,1.5832259689101837,323.583081469388,8640.583920842435,-4.723515303339809e-07
14.6,0.199,0.512,0.5154724658252604,-18.524466778000225,-18.392965488960897,0.000796855819143332,0.0018941188950400095,3.6450924666991065,-18.61348099259726,-18.613266478455557,0.000917583043996476,1.4176677364074422e-05,0.0002995809415350652,0.0006038254250973317,4.662069341687669e-18,9348.615671851157,1.6951310993489785,345.43399725127153,9004.87680618089,-4.81655661133118e-07
14.8,0.199,0.517,0.5214562705881494,-18.466996189724306,-18.33922449799175,0.000844132626776218,0.002006495428514899,3.6846621871350815,-18.55814018215466,-18.55792329286274,0.0009547079856972587,1.4739759503508798e-05,0.00031795711970553195,0.0006220111064882132,4.7704895589362195e-18,9731.078267324618,1.8076878570778112,368.15195711721856,9364.733998560081,-4.956054908689111e-07
15.0,0.2,0.521,0.5262853695018507,-18.409760826411052,-18.284464370331534,0.0008905892813038933,0.002116922465661738,3.7250000525359037,-18.50314506043398,-18.502925791191615,0.000991926206146033,1.4905512198057167e-05,0.0003366900243976735,0.0006403306695502971,5.204170427930421e-18,10112.294856515777,1.9190727358557957,391.77359519058643,9722.440334565772,-5.047259037382901e-07
15.2,0.2,0.526,0.5317417993990933,-18.353037832523135,-18.23077842558149,0.0009368437051443535,0.002226868802339799,3.7649396625924108,-18.44844285574385,-18.448221674340033,0.001029237705342799,1.5257087484365436e-05,0.0003552379793079158,0.0006587426385505133,4.445228907190568e-18,10492.427719817348,2.029921233059672,416.2726321588344,10078.185009420478,-5.289057298796251e-07
15.4,0.199,0.53,0.5377232131203151,-18.296860798181505,-18.178932168313906,0.0009844443568330227,0.002340015110133165,3.8040795390160556,-18.39434330585499,-18.39412084494373,0.0010664559257915736,1.5839083556518138e-05,0.00037341453791905617,0.0006772023043159947,4.553649124439119e-18,10869.396135685733,2.142709233161231,441.61967638565244,10429.919169075143,-5.419024091679603e-07
15.6,0.199,0.534,0.542595421563862,-18.240850076894837,-18.126764475865286,0.0010311092298569938,0.0024509370807154593,3.8437655850971995,-18.34087323452718,-18.340649605231874,0.001103580867492356,1.5948899088055363e-05,0.00039184473771913917,0.0006957872306851568,4.7704895589362195e-18,11243.218844580802,2.253904742130884,467.84721572908353,10777.62553414518,-5.513302312465385e-07
15.8,0.2,0.538,0.546270874602548,-18.185156048897987,-18.073502156981647,0.001078754746989769,0.002564190033253551,3.8824564856525634,-18.28765331138473,-18.28742833948297,0.0011407990879411306,1.6564935258172502e-05,0.0004098127919370503,0.0007144213607459035,4.228388472693467e-18,11616.341385065078,2.366312267587154,494.9060500071818,11123.801647884302,-5.588171916315332e-07
16.0,0.2,0.54,0.5506896311921506,-18.12978020882951,-18.021334248712776,0.001125774783342005,0.002675956223774673,3.9219918600260386,-18.234669450916613,-18.234443490507175,0.0011781105871378967,1.6745000077148553e-05,0.0004281730197960925,0.0007331925672646526,2.927345865710862e-18,11988.738280421656,2.478137332839325,522.8357297893346,11468.380688540627,-5.754664016421884e-07
16.2,0.201,0.545,0.5540493913664465,-18.074584041130002,-17.968509876195583,0.0011725795153863044,0.0027872106379517574,3.9611224984144733,-18.18191946410772,-18.181692449210203,0.0012155153650826548,1.7116591751535786e-05,0.00044634528826368127,0.0007520534850674347,3.0357660829594124e-18,12360.522488449427,2.589375003994375,551.6104074693317,11811.501456574135,-5.900456017116085e-07
16.4,0.2,0.549,0.5588189765159806,-18.01967402859838,-17.91783106901471,0.0012195164900041422,0.002898779391500219,4.0001121676550735,-18.129528461698413,-18.129300980176367,0.0012529201430274129,1.7461868760738066e-05,0.00046445209065901607,0.0007710061836076559,2.8189256484623115e-18,12730.684434908911,2.700765953753774,581.2262811124964,12152.15892035952,-6.093505362514406e-07
16.6,0.199,0.552,0.5632920741051888,-17.965157503993815,-17.868225220882664,0.0012675567632505675,0.003012970675660964,4.038222334431875,-18.077817043380975,-18.077589441605255,0.0012901383634761879,1.7986117009325498e-05,0.0004821504521101629,0.0007900017943566969,2.710505431213761e-18,13097.20534919044,2.8134102718035603,611.6529525128103,12488.36580758827,-6.38836354482919e-07
16.8,0.2,0.555,0.5660968707011266,-17.910795478329696,-17.816884476862327,0.0013147636972492796,0.003125181120155169,4.076829501531651,-18.0264863407356,-18.026258243145662,0.0013273565839249622,1.8155702530105784e-05,0.0005000796205112984,0.000809121260883554,3.903127820947816e-18,13462.246288124501,2.924715974460232,642.9230532505185,12822.247951493697,-6.452537490986288e-07
17.0,0.2,0.558,0.5694853492335498,-17.856700053450815,-17.766280181254075,0.0013617667734905402,0.003236906996649727,4.115061769528938,-17.975323996007347,-17.975095586039544,0.0013646680831217283,1.8502761917406964e-05,0.0005178346857692385,0.0008283306354350786,4.336808689942018e-18,13826.972868439834,3.03546494910061,675.0131258100507,13154.995208248487,-6.696027412544936e-07
17.2,0.2,0.561,0.5727095414711769,-17.803041430259576,-17.716178336469852,0.0014088264532696323,0.003348767419228981,4.15308906817704,-17.924486961547927,-17.92425838419925,0.0014019795823184945,1.8856958032180453e-05,0.0005354945632614174,0.0008476280610248923,4.228388472693467e-18,14190.385273883952,3.1461409642414195,707.9185433856254,13485.612872153242,-6.906739145051688e-07
17.4,0.2,0.564,0.5757813109441374,-17.749645565636364,-17.666359079344403,0.0014559523772911492,0.003460785303758377,4.190924496032117,-17.873967247216996,-17.87373857692333,0.0014392910815152606,1.921210346935435e-05,0.0005530653359573153,0.0008670136420885866,4.228388472693467e-18,14552.546163041374,3.256775522931675,741.6341686665933,13814.16877061113,-7.134167390177026e-07
17.6,0.2,0.567,0.5786813382238447,-17.696456467400644,-17.616799628140598,0.001504289970530697,0.003575683314786539,4.228163338103197,-17.82374651619699,-17.82351779608541,0.0014766025807120273,1.979127835867365e-05,0.0005703590542151251,0.0008864522481382241,4.445228907190568e-18,14913.548512780102,3.3691279615070866,776.1350271003654,14140.782614380232,-7.389880920527503e-07
17.8,0.2,0.57,0.581500565889857,-17.643477332028418,-17.567526579584182,0.001551988650542273,0.0036890626349947065,4.265978513071824,-17.77383183126142,-17.773603123706835,0.0015139140799087934,1.997500473547736e-05,0.0005879204214705549,0.0009060186537027569,4.228388472693467e-18,15273.382648186649,3.4807344175355497,811.4564285228787,14465.406954849743,-7.684375304961577e-07
18.0,0.199,0.573,0.5848363312791957,-17.59088354988372,-17.519629101658268,0.0015993007295972176,0.0038015230083128537,4.303227728097652,-17.72435494777008,-17.724126599319902,0.0015511323003575678,2.024658230036956e-05,0.0006052189569285495,0.0009256667611286441,4.662069341687669e-18,15631.097121218538,3.5911895833701157,847.5724554931826,14787.115856090568,-7.818416634108871e-07
18.2,0.199,0.576,0.5873569349235053,-17.538679352747998,-17.471377677501465,0.00164643068457369,0.003913550474384811,4.3400381116016105,-17.675323627272604,-17.675095555926987,0.0015882572420583502,2.054987637759842e-05,0.0006223136990277883,0.0009453936666529596,3.7947076036992655e-18,15986.757607376814,3.7008156459351227,884.4752697155487,15105.983154108224,-8.010229066712782e-07
18.4,0.199,0.579,0.5897633948347273,-17.48675627971982,-17.423164612618166,0.0016935422109503676,0.0040255341358458934,4.376591526199103,-17.626565037714784,-17.626337213223565,0.0016253821837591326,2.0887405861419507e-05,0.0006392891047668637,0.0009652056731308447,4.553649124439119e-18,16341.44349153325,3.810143543912909,922.159834171867,15423.093801724302,-8.190072549041361e-07
18.6,0.2,0.581,0.5914151937625896,-17.43500715386101,-17.37404812006983,0.0017418441192328658,0.004140347324061958,4.4126653301972985,-17.577917332895225,-17.57768946812513,0.0016626004042079076,2.1485075796795213e-05,0.0006560417793436254,0.0009850735490674817,5.204170427930421e-18,16696.23868898915,3.921164423230424,960.6035777237346,15739.556276535826,-8.471797627862543e-07
18.8,0.199,0.584,0.5942813365368416,-17.383438262067205,-17.326931510970752,0.001789646306100292,0.004253972679106945,4.449343495910838,-17.52951452177342,-17.529287051812673,0.001699818624656682,2.1672709233282128e-05,0.0006730751195009935,0.0010050707959224,6.288372600415926e-18,17050.111753119843,4.031861863132939,999.8434360913059,16054.300179752321,-8.606511983089149e-07
19.0,0.2,0.587,0.5957901057487323,-17.332224215564384,-17.278532742716976,0.0018371145642819423,0.004366804288761451,4.485532893754086,-17.48138031781093,-17.48115292005906,0.0017370368451054563,2.200495778134994e-05,0.0006898814758593979,0.0010251504114647024,6.071532165918825e-18,17403.119865982848,4.1415889843426035,1039.8543118194978,16367.407144029428,-8.817369234748185e-07
19.2,0.2,0.589,0.5978393958937505,-17.2813135531451,-17.23074623227984,0.0018847254514607996,0.004479974926220108,4.521629496535389,-17.433331668234217,-17.433104419522437,0.0017743483443022224,2.2381637600974135e-05,0.0007066447381910343,0.0010453219685102077,6.288372600415926e-18,17756.304312036995,4.251542193558997,1080.6348245838929,16679.921030540085,-8.93422111403197e-07
19.4,0.2,0.591,0.5998064333902867,-17.230658994674275,-17.183382806535008,0.0019324347589282287,0.004593379507792319,4.557577872898016,-17.385521579422175,-17.385294547718757,0.0018116598434989885,2.2738503811518605e-05,0.0007233391641738383,0.0010655821755136256,6.071532165918825e-18,18108.689502667607,4.361558631843588,1122.1817332992916,16990.869328916688,-9.165269148070365e-07
19.6,0.2,0.594,0.6016792979040342,-17.180265309287524,-17.136227548475176,0.0019812224846594015,0.004709347479580227,4.59302056583857,-17.337940652972378,-17.3377138371805,0.0018489713426957553,2.3276166491258407e-05,0.0007397987507754323,0.001085896425429059,5.637851296924623e-18,18460.32791135267,4.472923072639937,1164.4722769236434,17300.328558445548,-9.438808774575591e-07
19.8,0.2,0.596,0.6035058912105192,-17.130190881011846,-17.089296413748286,0.002029444992532005,0.004823971933758034,4.628896364334773,-17.290595573405028,-17.29036898370032,0.0018862828418925214,2.3488289519038358e-05,0.000756459471597069,0.0011063350807764077,6.288372600415926e-18,18811.21154789244,4.583728551567993,1207.5407761135066,17608.25450129411,-9.636096365284175e-07
20.0,0.199,0.599,0.6058160303481108,-17.080544352814105,-17.043646550451967,0.002077313585527988,0.004937755135554999,4.664272434407424,-17.243617568883394,-17.243391498556434,0.0019235010623412957,2.3756948702958878e-05,0.0007728881185388072,0.0011268559950995225,7.15573433840433e-18,19160.396873396363,4.693492956417813,1251.3634830285246,17913.72688430987,-9.856121323537081e-07
20.2,0.2,0.601,0.6069147491663093,-17.031206895426568,-16.99655165268001,0.0021250695201231583,0.005051270549377604,4.699309600463148,-17.19687698459944,-17.196651050022126,0.00196071928279007,2.4101573670302456e-05,0.0007891593784550858,0.0011474583306646747,6.938893903907228e-18,19508.90734609764,4.802665780079248,1295.9347305507188,18217.775282332124,-1.005122612696141e-06
20.4,0.2,0.603,0.6085238159110741,-16.982170677526245,-16.95003458935423,0.002172983640988453,0.0051651619704978675,4.73427958615347,-17.150194404161454,-17.14996866362719,0.0019980307819868364,2.4478399403550528e-05,0.0008053994398096711,0.0011681529427736085,6.071532165918825e-18,19857.751797636007,4.912114767040047,1341.2535863916405,18521.410327039586,-1.0281801223754883e-06
20.6,0.2,0.605,0.6100621751791243,-16.93342436954048,-16.90390431427545,0.002221943070269782,0.005281538080032759,4.768817921822096,-17.10371542103894,-17.103489918582568,0.002035342281183603,2.4999962511308878e-05,0.0008214390428941812,0.0011889032757781063,6.7220534694101275e-18,20205.983308118917,5.022835866897898,1387.2987459747878,18823.7073990639,-1.0528747225180268e-06
20.8,0.2,0.607,0.6115646293062467,-16.884844169868916,-16.857977251449597,0.0022703748292154467,0.005396659922071421,4.803729646846515,-17.057448783222355,-17.057223518051842,0.0020726537803803695,2.5225122934984986e-05,0.0008376520479955213,0.0012097766094498563,6.938893903907228e-18,20553.594831666913,5.133093491228615,1434.1040258061125,19124.6239004203,-1.068270648829639e-06
21.0,0.199,0.609,0.6135344825551049,-16.83663537064699,-16.813297901790634,0.0023184681272244052,0.005510977245601153,4.838172942505842,-17.01152523576735,-17.011300488754046,0.0021098720008291437,2.5491875014027347e-05,0.0008536475144997129,0.001230732611315396,7.37257477290143e-18,20899.647698919198,5.242362331871536,1481.646494152107,19423.243568190996,-1.092033926397562e-06
21.2,0.2,0.611,0.6143818394321584,-16.78872898814699,-16.76718187448222,0.002366441626809475,0.005625009809387865,4.872282413572694,-16.965818250780558,-16.965593639102565,0.002147090221277918,2.583241503150525e-05,0.0008694879528631583,0.0012517698533832467,7.589415207398531e-18,21245.142677429893,5.35102037898141,1529.9208526369532,19720.57284628128,-1.1093616194557399e-06
21.4,0.2,0.614,0.6157169410730371,-16.74100463594799,-16.721621156332276,0.0024145651490207866,0.005739398975566405,4.9063224773970315,-16.92015191182395,-16.919927486837935,0.002184401720474684,2.620633675805449e-05,0.0008852961585031815,0.0012728992252134409,7.15573433840433e-18,21591.068565536,5.459932036140909,1578.926451335223,20017.60204736534,-1.1284246284049004e-06
21.6,0.2,0.616,0.6169976393617769,-16.693563836618456,-16.676429904548456,0.0024636698371215456,0.0058561203639684945,4.93996766588671,-16.87467095838258,-16.87444676155087,0.002221713219671451,2.670723261875431e-05,0.000900920984037788,0.001294085003014901,7.37257477290143e-18,21936.4844165745,5.569942359657188,1628.6426758701145,20313.411684214036,-1.1499942047521472e-06
21.8,0.199,0.618,0.6187555207385255,-16.646293127546517,-16.63247114929419,0.0025121896039854456,0.005971451400012944,4.973838512290912,-16.829521797178018,-16.829298090985503,0.002258931440120225,2.6891892911949902e-05,0.0009166506051078995,0.001315388942100368,7.589415207398531e-18,22280.420824118635,5.679272945205119,1679.1018166443696,20606.99828158963,-1.1701558833010495e-06
22.0,0.2,0.619,0.6194452421224729,-16.599245210432105,-16.587082247376088,0.00256034957864289,0.006085927213318017,5.007248034545896,-16.784575864722115,-16.78435227510596,0.002296149660568999,2.7209192777748154e-05,0.0009321659872431139,0.0013367744805481308,6.5052130349130266e-18,22623.872817493535,5.787565285499787,1730.2805987861198,20899.379785187124,-1.1942101991735399e-06
22.2,0.2,0.621,0.6206057967596067,-16.552366157575694,-16.542233413275483,0.0026086200441834836,0.006200665662428057,5.040555850421367,-16.73965939731835,-16.739435974521257,0.0023334611597657655,2.7575724225416853e-05,0.0009476341369356828,0.001358251298604659,6.938893903907228e-18,22967.81677874785,5.895994255786594,1782.1785533230468,21191.534220896945,-1.2163582141511142e-06
22.4,0.2,0.623,0.621728288032078,-16.505765703284215,-16.49774795787414,0.0026569652716072556,0.006315581819841349,5.073716944194336,-16.6949209355692,-16.69469772627525,0.002370772658962532,2.7922206117048906e-05,0.0009630341488838501,0.001379816303961626,6.938893903907228e-18,23311.305952035764,6.004422108572163,1834.7933974529894,21482.516977929197,-1.237847754964605e-06
22.6,0.199,0.625,0.6232932842682365,-16.45949953849804,-16.454490289660953,0.002706110776984116,0.0064324002305303435,5.106403314819976,-16.650491987065152,-16.650269256030526,0.002407990879411307,2.834316066208238e-05,0.0009782136994023968,0.0014014340193468208,6.938893903907228e-18,23653.410531055062,6.11339496094332,1888.1035534033622,21771.420373874134,-1.261490979231894e-06
22.8,0.199,0.627,0.6243373257804742,-16.41346219785355,-16.410793708832216,0.0027545592361026073,0.006547561768724999,5.139138031895407,-16.606395767038975,-16.60617338342246,0.0024451158211120892,2.8536995378338082e-05,0.0009934157020122269,0.001423163123721517,7.37257477290143e-18,23994.13163670777,6.221314117993084,1942.1386488103665,22058.21430329691,-1.2815144145861268e-06
23.0,0.201,0.629,0.624391386949538,-16.367654134387227,-16.365030676413085,0.0028028589826528277,0.006662369818523479,5.171637587368639,-16.56220000140786,-16.561977385965804,0.0024824273203088556,2.8935934507670083e-05,0.001008508495573996,0.001444982890227182,7.589415207398531e-18,24336.348591724607,6.3288967026111695,1996.879558888415,22345.797930832585,-1.293778041144833e-06
23.2,0.199,0.63,0.6263285404180556,-16.32207591054537,-16.322599340124953,0.0028513538279325117,0.006777641616193277,5.204106827820139,-16.518139062155967,-16.517916950622237,0.002519738819505622,2.9254539686354757e-05,0.001023587210839673,0.0014668970689795866,7.37257477290143e-18,24678.166758553936,6.436870568008253,2052.3276432759167,22632.275987157467,-1.3114367902744561e-06
23.4,0.2,0.632,0.6268048212481148,-16.276622676850867,-16.278574482111935,0.002899692101288148,0.006892541243851077,5.236220074083276,-16.47441185866444,-16.474189874493277,0.002556957039954396,2.9566949617357982e-05,0.0010385006024042733,0.0014888894879327582,6.7220534694101275e-18,25018.651668114544,6.54409835534151,2108.4763425981246,22916.719425202875,-1.3311146176420152e-06
23.6,0.2,0.634,0.6277240445920016,-16.231349734060803,-16.23487525123818,0.0029489207767654855,0.007009557349097898,5.268044092683256,-16.430696747136437,-16.430474885078695,0.002594268539151163,3.0046207511223547e-05,0.001053279676642104,0.0015109426549978285,6.7220534694101275e-18,25359.71865707458,6.652218502471309,2165.3073910903518,23201.063485844563,-1.3578646758105606e-06
23.8,0.199,0.635,0.6290839175570437,-16.18652416312533,-16.192551094897624,0.0029976383003664604,0.007125358451073117,5.300008099410007,-16.387281515001973,-16.387060078213892,0.002631486759599937,3.0251117012702972e-05,0.0010681237613660072,0.0015331118812212199,6.7220534694101275e-18,25699.471921043198,6.759846533107614,2222.8527220727055,23483.379046877162,-1.3735625543631613e-06
24.0,0.2,0.637,0.6294887627489287,-16.141827766621123,-16.148809386069445,0.0030460213316203205,0.007240364467840077,5.331563829153313,-16.344044115625024,-16.343822737196945,0.002668704980048711,3.056313870360207e-05,0.0010827782422587987,0.0015553635990863041,6.288372600415926e-18,26038.875682155234,6.866522498138556,2281.090221988809,23764.65198405799,-1.393425918649882e-06
24.2,0.199,0.636,0.6307838834865842,-16.096785231144555,-16.106600655162026,0.0030944209912305404,0.007355410010055955,5.36294242933109,-16.30094987425332,-16.300728864192536,0.002705923200497485,3.086937973462126e-05,0.0010973504641813585,0.0015777033565815002,5.421010862427522e-18,26377.940703507356,6.973033896595666,2340.018764016849,24044.894974810515,-1.423410139977932e-06
24.4,0.205,0.633,0.6289183666097626,-16.05086823268293,-16.05805652845453,0.0031431765560209607,0.007471301535585835,5.394470371111738,-16.25735419267221,-16.25713191629501,0.002743607814686219,3.1472721515261626e-05,0.0011119920403442906,0.001600143052826662,4.9873299934333204e-18,26721.377461550874,7.080503389969556,2399.639402979669,24328.81856339388,-1.4327051758300513e-06
24.6,0.21,0.63,0.6275729366414785,-16.003652599771996,-16.007502933269222,0.00319425151277485,0.007592706234311504,5.427052733079292,-16.212331000423035,-16.21210668055494,0.0027823184951028647,3.249269388904877e-05,0.0011271232892420228,0.001622702511971788,4.9873299934333204e-18,27074.83546927098,7.19352871830079,2459.9540819004164,24622.07491754345,-1.454587618354708e-06
24.8,0.215,0.628,0.6263057435407536,-15.954924907592996,-15.956125045866713,0.003246879708135724,0.007717802966807045,5.4614835208832755,-16.166023909679836,-16.165797143805264,0.002821961962999429,3.33919889503306e-05,0.001143112947098193,0.0016454570269509,5.204170427930421e-18,27437.35782974128,7.312626519217807,2521.020070267661,24923.65038745893,-1.466094545321539e-06
25.0,0.223,0.626,0.6238612475512093,-15.904148505481075,-15.900251591702556,0.003301633519857236,0.007847952269686797,5.497545632119238,-16.11803309705988,-16.11780259477075,0.002862818054619888,3.456751541698781e-05,0.0011598601915561743,0.0016683903476467214,4.553649124439119e-18,27811.785906716243,7.438606309475574,2582.8427748054173,25236.38173970212,-1.4818178897257894e-06
25.2,0.228,0.624,0.6227730533071884,-15.851536353449985,-15.844751701223231,0.0033591806238281578,0.007984741202348841,5.5356345767840835,-16.068309239739335,-16.068074882299584,0.002904886769964242,3.5815838408333e-05,0.0011775486974585287,0.0016915222340973767,3.469446951953614e-18,28198.116343650567,7.573244529612549,2645.4517254896264,25560.237864182534,-1.4919824025128037e-06
25.4,0.233,0.622,0.6217547729226963,-15.798059647031648,-15.788557956483999,0.0034192258836432347,0.008127468228293877,5.575428502448371,-16.01731064232422,-16.017072198091682,0.002947888272788515,3.70135674259054e-05,0.0011960289965370228,0.0017148457088255822,4.336808689942018e-18,28593.4968313912,7.715700485200572,2708.8690764695643,25892.343456922015,-1.5151781553868204e-06
25.6,0.235,0.621,0.6219730436641484,-15.743558757743738,-15.734149624819622,0.0034821269238673163,0.008276983417797281,5.616401443006313,-15.965453159196102,-15.965211062339677,0.002991542726848732,3.8180851691971753e-05,0.001215056830132132,0.0017383050450246245,3.686287386450715e-18,28995.07227257415,7.865382379122853,2773.091330861698,26229.846325623126,-1.5315490600187331e-06
25.8,0.241,0.619,0.6206628909663988,-15.687552574803401,-15.67591187502046,0.0035464839926505638,0.008429959573688053,5.658752207938758,-15.91266401566196,-15.91241739370173,0.0030359434108928837,3.923593500608128e-05,0.0012347245253667598,0.0017619829505200384,4.336808689942018e-18,29403.76754325813,8.020860940700457,2838.1720403917598,26573.61636535558,-1.5485093172173947e-06
26.0,0.245,0.618,0.6201801428729175,-15.630099978453512,-15.617386060523245,0.00361286461596078,0.008587745699930545,5.702361237721648,-15.858608959656408,-15.858357711849294,0.0030812768824169546,4.044200819820167e-05,0.0012549765587979336,0.0017858583154208142,5.204170427930421e-18,29821.481114999377,8.183056636381988,2904.110739463273,26925.553433738678,-1.5661935321986675e-06
26.2,0.251,0.617,0.6189931269129427,-15.57115187687803,-15.556215457308667,0.0036815563766027124,0.008751025378185673,5.747305868690507,-15.803317710470935,-15.803061228433364,0.003127543141420945,4.176302893272744e-05,0.0012758488454198715,0.0018099312670683408,4.9873299934333204e-18,30248.205939994477,8.352495418846699,2970.926038982102,27285.632398021404,-1.5901823644526303e-06
26.4,0.256,0.616,0.6182389266997433,-15.510876700355976,-15.494165240847678,0.0037528950661256597,0.008920596781853243,5.793783647246746,-15.746627760654235,-15.746365818184643,0.003174835466652846,4.318329901137329e-05,0.0012974331257813896,0.0018342190418600783,4.7704895589362195e-18,30684.884168788725,8.530269794218352,3038.640367713971,27654.774072479653,-1.610682375030592e-06
26.6,0.262,0.614,0.6171784749321932,-15.449117862326355,-15.429865508632986,0.003827594023842351,0.009098155511866771,5.841713258079686,-15.688553589175228,-15.688285669052277,0.0032231538581126594,4.479356355433014e-05,0.001319691637052206,0.0018586686575061172,6.288372600415926e-18,31131.517146665643,8.717020166473802,3107.251999363268,28032.98216910368,-1.6348312783520669e-06
26.8,0.267,0.614,0.6165345486133053,-15.385393061506967,-15.365214576764856,0.0039049350539326227,0.009281994423419593,5.891438703849576,-15.629089786765292,-15.628815820196508,0.003272498315800383,4.630631513059734e-05,0.0013427841340677433,0.0018834078666020355,6.7220534694101275e-18,31588.072964181145,8.913326478358686,3176.830409026734,28420.155883286054,-1.653283106861636e-06
27.0,0.275,0.613,0.6149144159403367,-15.319818389165029,-15.296248866989004,0.003985212788055366,0.009472813853233576,5.942729327535462,-15.567982895167233,-15.567701868769916,0.003323055397212001,4.806031084177257e-05,0.0013666034997074689,0.0019083915866627537,5.854691731421724e-18,32056.466198410144,9.119284600533236,3247.3756626748823,28818.20982201147,-1.6756785043980926e-06
27.2,0.279,0.612,0.6147187698205975,-15.252837320910864,-15.22876932626366,0.004068982025167985,0.009671932553287342,5.9957829801473945,-15.505323480927359,-15.505035752195965,0.003374731823599522,4.985431897428008e-05,0.0013912416159804501,0.001933635888644785,6.938893903907228e-18,32535.72584788073,9.336302921835935,3318.9156077307075,29226.146544775456,-1.7035999917425215e-06
27.4,0.284,0.611,0.614221099908683,-15.18511126829302,-15.160095318481638,0.0041558944790144985,0.009878522650379126,6.050219007553889,-15.441592228367824,-15.441297657899838,0.0034272477587189705,5.160132396562335e-05,0.001416521707108026,0.001959124727645313,8.023096076392733e-18,33022.96753050039,9.563176020628553,3391.4685691829773,29641.06213905453,-1.7164857126772404e-06
27.6,0.287,0.611,0.6144022077521166,-15.116429731463176,-15.092019833596567,0.004246229287466963,0.010093247652643127,6.1059053715505955,-15.376917332446908,-15.376616207822963,0.003480509923822355,5.33446361609639e-05,0.0014423824545480967,0.001984782833113286,8.456776945386935e-18,33517.23192850752,9.799259561445222,3465.0255319093,30062.00565789932,-1.7396523617208004e-06
27.8,0.292,0.61,0.6139554438710298,-15.046204802621478,-15.02178838915745,0.0043391404291708326,0.010314096575162425,6.162578495369813,-15.311343956246674,-15.311035935869597,0.0035345183189096742,5.506764791884818e-05,0.0014687014532497411,0.002010749217741077,8.023096076392733e-18,34018.48979796191,10.044460539673432,3539.651545341857,30488.882714922653,-1.762920874170959e-06
28.0,0.297,0.611,0.6135364305752684,-14.97466420609388,-14.949891029884668,0.004434979559915459,0.010541905300488373,6.220348767038401,-15.244567376231885,-15.244252157553888,0.0035894595014769127,5.695494219717372e-05,0.0014955299674126335,0.0020369745918670974,8.023096076392733e-18,34528.660555710834,10.299196437796901,3615.3387997427167,30923.620954180813,-1.774900738382712e-06
28.2,0.3,0.613,0.6137518934573388,-14.902736956889303,-14.878874403408702,0.0045339581526748635,0.010777176497919807,6.279160531981534,-15.176860699514862,-15.176538629912443,0.003645146914028086,5.884677139077263e-05,0.0015228421510522234,0.0020634579915850826,7.589415207398531e-18,35045.81991885581,10.563805663236097,3692.1045543963432,31364.279171914408,-1.7917082004714757e-06
28.4,0.3,0.616,0.6148666786788773,-14.831182629642033,-14.81074661762301,0.004635415609892512,0.011018339933188761,6.3384094965796205,-15.10894723823543,-15.108619244409851,0.0037011141628232355,6.056371538954884e-05,0.0015503573702115756,0.0020901930772221048,6.288372600415926e-18,35565.17824754452,10.836912349445365,3769.9568260741466,31806.05833562574,-1.805918145691976e-06
28.6,0.299,0.618,0.6162531730993296,-14.76010950092618,-14.7445157509826,0.0047388178960931105,0.011264126208921109,6.398143558309497,-15.041424768212835,-15.041091714119318,0.0037569881328703937,6.182749138543481e-05,0.0015780978684789306,0.0021170627730060215,6.7220534694101275e-18,36082.933765826674,11.114349741743107,3848.865239384198,32245.182878008083,-1.8238642951473594e-06
28.8,0.3,0.621,0.6169969485724048,-14.689464688744895,-14.676888890463317,0.004843057672422525,0.011511903190925897,6.457003310411191,-14.974188858796992,-14.973850725500597,0.003812862102917551,6.324772094757798e-05,0.0016054323373549575,0.00214418204461501,5.421010862427522e-18,36600.04442874844,11.39570190506753,3928.8774718537416,32682.56266064482,-1.8450555216986686e-06
29.0,0.299,0.623,0.6182954548042968,-14.61914131348485,-14.610933523803112,0.004948026471843642,0.011761413054061426,6.515518301901966,-14.907195453166764,-14.9068528731637,0.0038687360729647083,6.458254261587195e-05,0.001632606699403273,0.0021715468309455566,6.7220534694101275e-18,37116.54523770238,11.681013223839408,4009.963775097648,33118.26247769761,-1.86903344001621e-06
29.2,0.299,0.625,0.6192603662911396,-14.549193118638161,-14.544857795209396,0.005053692439942299,0.01201258008068053,6.573641286140049,-14.840607383246663,-14.840260629788077,0.003924516764263874,6.581045651114922e-05,0.0016595990132834387,0.0021991072944692793,6.7220534694101275e-18,37631.51005150446,11.96881777942373,4092.1176158945664,33551.36125526729,-1.8779755919240415e-06
29.4,0.3,0.627,0.6199020294973889,-14.479511905252682,-14.477802032456225,0.005160151044486311,0.012265631196782294,6.631424210854368,-14.77413569325006,-14.773784749217612,0.003980390734311032,6.710136949416322e-05,0.0016864334035207689,0.002226855961296092,7.15573433840433e-18,38146.85786089692,12.259053972509616,4175.335367430995,33983.78154934274,-1.9043145584873855e-06
29.6,0.299,0.629,0.621092746760336,-14.410468611294139,-14.412587084157622,0.005267779282256554,0.01252146252022,6.689567823564148,-14.70788809366229,-14.707533662946275,0.00403626470435819,6.813295870076122e-05,0.00171343529726319,0.0022546964483942315,7.15573433840433e-18,38661.66592255274,12.550288707916271,4259.588662509831,34414.62755068246,-1.9316357793286443e-06
29.8,0.299,0.631,0.6219549314961178,-14.341793280675834,-14.347185550794222,0.00537586292376935,0.012778376334132042,6.746529585572203,-14.642039994912182,-14.641682251532472,0.004092045395657356,6.9406326531044e-05,0.0017398883395397305,0.0022827507295865735,8.023096076392733e-18,39174.995882828145,12.843328435974847,4344.924096017589,34842.91511719071,-1.9441722542978823e-06
30.0,0.299,0.633,0.6227854458442565,-14.273270601666557,-14.281853313631586,0.005484354334312089,0.01303625941124813,6.8030466507767,-14.576432477130083,-14.576071566575592,0.004147826086956521,7.066749422773524e-05,0.0017661348646206994,0.0023110237281080783,8.456776945386935e-18,39687.822058962214,13.138677221867008,4431.310705473965,35269.65003268314,-1.9730214262381196e-06
30.2,0.299,0.634,0.6235862637613006,-14.20516192992486,-14.216746351239294,0.005593489936360258,0.013295673725600803,6.8591829325803095,-14.511060348572869,-14.510696457521021,0.004203606778255687,7.1915298788305e-05,0.0017922045538902958,0.0023394869255770772,8.456776945386935e-18,40200.162584944104,13.436096907447167,4518.744701634787,35694.85398221934,-2.0025763660669327e-06
30.4,0.299,0.636,0.6243589652714375,-14.137304368696025,-14.151862138525985,0.005703292579559086,0.013556673590584944,6.914932381401258,-14.445920419595666,-14.445553720651105,0.004259387469554852,7.31588068736205e-05,0.0018180945979227442,0.0023681340647584786,9.324138683375338e-18,40712.03462166759,13.735434166340198,4607.222348929176,36118.54770892201,-2.017259248532355e-06
30.6,0.299,0.638,0.6251117449154963,-14.069904996594774,-14.087200963740884,0.005813964001257469,0.01381973853400872,6.971048567347077,-14.38100529082675,-14.380636017877237,0.004315168160854019,7.414781842022845e-05,0.0018441549546759828,0.0023968653877577987,8.890457814381136e-18,41223.45784592513,14.034784097516464,4696.714046434464,36540.778585621636,-2.033455530181527e-06
30.8,0.299,0.64,0.6258319003005145,-14.002958801626706,-14.022751428312404,0.005925188130359926,0.014084117257808237,7.025913216834011,-14.316321604909376,-14.315949878249626,0.004370948852153184,7.550422860298335e-05,0.0018696340978977151,0.0024258105256524773,8.456776945386935e-18,41734.43702952059,14.336097296898357,4787.26804573322,36961.505083140924,-2.056658559013158e-06
31.0,0.299,0.641,0.626527865669107,-13.936355882656672,-13.95852018658718,0.00603689210655369,0.014349636573695482,7.08037495558706,-14.251861136411321,-14.251487042298777,0.00442672954345235,7.682366562635938e-05,0.0018949261293746305,0.0024549797484513516,8.023096076392733e-18,42244.99454305765,14.639960271206373,4878.854767843209,37380.77973755863,-2.0729858078993857e-06
31.2,0.299,0.643,0.6272012019693389,-13.869986936641256,-13.894502114240595,0.006149251472165361,0.014616713744153461,7.134464890560234,-14.187621292248537,-14.187244926837764,0.004482510234751515,7.812004648782619e-05,0.001920045495176172,0.002484344693087508,9.75781955236954e-18,42755.144219678616,14.946007441126872,4971.470666453355,37798.619562754604,-2.0882216631434858e-06
31.4,0.3,0.644,0.6275867525870947,-13.803847692803263,-13.829681757524213,0.006262355683931156,0.01488556140701487,7.188206698444183,-14.12346601635818,-14.123087208748416,0.004538384204798673,7.947896033097684e-05,0.001945003190757478,0.0025139020537102083,9.75781955236954e-18,43265.83180498426,15.25432954546287,5065.113225831499,38215.97291081036,-2.1121377358213067e-06
31.6,0.299,0.646,0.6284910765741009,-13.737985882812639,-13.766653172393717,0.0063763720925524925,0.015156577353345597,7.2424309042940935,-14.059505404721733,-14.059124668557615,0.004594258174845832,8.051231937714081e-05,0.001970184911954177,0.0025435609435145033,1.0842021724855044e-17,43776.137656089464,15.56315410030605,5159.755452674768,38631.94535965127,-2.136264811269939e-06
31.8,0.3,0.647,0.6288396855929936,-13.672500994698142,-13.702408399923797,0.0064909614387195814,0.015428955166911293,7.295304400908127,-13.995779080636169,-13.995396162129737,0.0046501321448929895,8.195753073215035e-05,0.0019947393637817345,0.0025734352503790953,9.107298248878237e-18,44286.066441133655,15.874019982137426,5255.443614365884,39046.49684890493,-2.1550149540416896e-06
32.0,0.299,0.648,0.6296960310890204,-13.607439912828882,-13.639761854991036,0.006606144403738871,0.015702744006985667,7.347815599547672,-13.932248920110453,-13.931864152970775,0.004706006114940147,8.333654146276687e-05,0.0020191255644299386,0.0026035440090474322,9.540979117872439e-18,44795.63489535389,16.187865250712395,5352.150121748358,39459.67264102869,-2.172440872527659e-06
32.2,0.3,0.65,0.6300176251819659,-13.542745467857715,-13.575934008974173,0.006721996164872594,0.015978122569224134,7.40080476481231,-13.86893940513005,-13.868552615852309,0.004761880084987306,8.43898072666995e-05,0.0020437337327788366,0.0026337565449417602,9.540979117872439e-18,45304.85564545386,16.5017317215042,5449.844922718972,39871.5124566461,-2.189706719946116e-06
32.4,0.299,0.651,0.6308357538990598,-13.478309010214762,-13.51371404116469,0.006838526777444029,0.01625511475503691,7.452430990410878,-13.805826394197481,-13.805437920684767,0.004817754055034462,8.585180089253236e-05,0.002067708951946812,0.002664193302195109,8.673617379884035e-18,45813.732369129655,16.81804239387054,5548.576718684637,40281.97369506835,-2.2294625523500144e-06
32.6,0.3,0.652,0.6311264950907102,-13.414074198952765,-13.45028921351144,0.006955560235979139,0.01653330220104383,7.504553818722445,-13.742930114228443,-13.742539739617257,0.0048736280250816204,8.694846310333763e-05,0.002091914793414703,0.0026947647685635714,8.239936510889834e-18,46322.281532001405,17.13476921497783,5648.2903374958605,40691.12596597609,-2.2555686882697046e-06
32.8,0.3,0.654,0.6316542117757366,-13.350191597741377,-13.387460452915263,0.007073355927856992,0.01681330146864034,7.555335457384391,-13.68009372408801,-13.67970150042271,0.004929595273876769,8.852437444542323e-05,0.002115497786409312,0.0027255731130220264,7.37257477290143e-18,46831.43210859432,17.454486423724575,5749.035195464131,41099.851401836146,-2.2822277969680727e-06
33.0,0.3,0.655,0.6321728297490318,-13.286604283379097,-13.324993893892383,0.007191798177064568,0.017094837597015848,7.606696916478752,-13.617453368877136,-13.617059407015972,0.004985562522671919,8.967942669062044e-05,0.0021393500480127326,0.0027565330479685595,5.637851296924623e-18,47340.272137605076,17.775362779721423,5850.7584478547415,41507.289054834706,-2.304652298334986e-06
33.2,0.3,0.656,0.6326770631948102,-13.223358896415368,-13.262720099586488,0.0073109143340270135,0.01737797559787738,7.657577917949435,-13.55501381652823,-13.554618193498982,0.0050415297714670685,9.091332727701059e-05,0.002162979185095718,0.0027876372590943345,5.204170427930421e-18,47848.80607750413,18.096861095263627,5953.48202914251,41913.42091177893,-2.3220491129904985e-06
33.4,0.3,0.657,0.6331619908507531,-13.160398896964447,-13.200636802837266,0.007430613859861121,0.017662500261138865,7.707060517865922,-13.492776831577316,-13.492379510490025,0.005097497020262217,9.253017198377513e-05,0.002185958904496935,0.0028190079437815027,4.336808689942018e-18,48357.042055665086,18.421706189023038,6057.227597579255,42318.23616662935,-2.3544998839497566e-06
33.6,0.299,0.658,0.6338898736802554,-13.09761663364973,-13.139779856998018,0.0075507932122594705,0.017948165467695436,7.75713232387144,-13.430864233112572,-13.430465531627874,0.005153370990309375,9.362334145660069e-05,0.0022092122512058967,0.002850535397646873,4.7704895589362195e-18,48864.07017271637,18.74741735820442,6161.941318379626,42720.87627407407,-2.3791290004737675e-06
33.8,0.3,0.66,0.6340986823821374,-13.03500761138103,-13.077520151730369,0.0076714930776348705,0.018235067928773163,7.80573599313715,-13.369167959270612,-13.36876751453616,0.005209244960356531,9.517206522682755e-05,0.002231783795212893,0.0028822890999168063,4.336808689942018e-18,49370.81739733909,19.075266738619163,6267.66755940755,43122.22510708072,-2.41056113736704e-06
34.0,0.299,0.661,0.6347994529965963,-12.972721003892428,-13.016857143349455,0.007792710389462459,0.01852320035527088,7.854952749988264,-13.30764543375443,-13.307243603639336,0.00526511893040369,9.628397849357717e-05,0.00225464005709455,0.00291419489481556,3.0357660829594124e-18,49877.293867523935,19.403856146633522,6374.355286160917,43522.34243994654,-2.4368855520151556e-06
34.2,0.3,0.662,0.6349917505704661,-12.910751617472538,-12.954952672106629,0.007914400053484932,0.018812455558557005,7.90363981724256,-13.246330587084856,-13.245927127216419,0.0053209929004508485,9.750528384567371e-05,0.0022772503311274455,0.002946237285477726,3.0357660829594124e-18,50383.50411824408,19.732359296330284,6482.0247070899395,43921.21177291413,-2.4636683519929647e-06
34.4,0.3,0.663,0.6354159816999173,-12.849043339980467,-12.8936576482958,0.008036783653851286,0.019103360242099562,7.95091443112076,-13.185062430653602,-13.184657336350256,0.005376960149245997,9.920787040579295e-05,0.0022992046618124807,0.0029785476170277186,4.336808689942018e-18,50890.37355414016,20.064408150301507,6590.699562041466,44319.73840274288,-2.4938781280070543e-06
34.6,0.3,0.664,0.6358346804653138,-12.787693656628376,-12.832712093867656,0.008159740079048676,0.019395626524955255,7.998867870273093,-13.123977414440219,-13.123570755613798,0.005432927398041147,0.00010042503291492097,0.002321474238954825,0.003011028126171397,3.469446951953614e-18,51396.99189892832,20.397810978912744,6700.328469318996,44717.06124310176,-2.5135304895229638e-06
34.8,0.299,0.665,0.6364822846630499,-12.726595365230013,-12.772941238556484,0.008283342212729942,0.019689427650891232,8.04533553687571,-13.063215159739968,-13.06280716076617,0.005488801368088303,0.00010200058231393566,0.0023430538233250794,0.0030437469624492843,3.469446951953614e-18,51902.445812414066,20.73388906123706,6810.95628725897,45112.2234167602,-2.5438639568164945e-06
35.0,0.3,0.666,0.6366370255334945,-12.665590843111476,-12.71180614167389,0.00840726770519162,0.019983997397650628,8.09242930445417,-13.002651983315104,-13.002242350072265,0.005544675338135461,0.00010313573281561416,0.002364924168988516,0.0030766154363313274,3.469446951953614e-18,52407.66150383795,21.07016816135925,6922.529421653412,45506.202252914,-2.5681001716293395e-06
35.2,0.3,0.667,0.6370261314600516,-12.604675753156117,-12.651248675647196,0.008531785919866173,0.020279976039615337,8.139028491276118,-12.942127309864702,-12.941716135460865,0.005600642586930611,0.00010444297736436266,0.0023865648313486296,0.0031096347782176162,2.6020852139652106e-18,52913.55762172786,21.406911125168314,7035.071537555575,45899.89299789673,-2.5992776500061154e-06
35.4,0.3,0.668,0.637401204449344,-12.543998198045347,-12.59102542199605,0.008656977195372206,0.020577554540937022,8.184166364991416,-12.881788001565155,-12.881375264168469,0.005656609835725759,0.00010616183738234213,0.0024075268599020134,0.0031429211384414006,3.469446951953614e-18,53419.22439897205,21.747082832583626,7148.604418597091,46292.36706584027,-2.6327252271585166e-06
35.6,0.299,0.669,0.6380126541032745,-12.483705650468199,-12.53200750360702,0.008782567119705091,0.020876080626824556,8.229979909262747,-12.821757802409536,-12.821343791732943,0.005712483805772918,0.00010730465924218202,0.00242880266986162,0.0031763764766691125,3.0357660829594124e-18,53923.75376524489,22.08807511095481,7263.075991289012,46682.7658517256,-2.658765879459679e-06
35.8,0.3,0.67,0.6381304697686303,-12.423792961019492,-12.471586765326492,0.008908675998879059,0.021175840263558496,8.274260287183761,-12.761929368475364,-12.761513710410952,0.005768357775820074,0.00010893158568881642,0.0024493664773681395,0.0032100597127631167,1.3010426069826053e-18,54428.06529749018,22.431138668205687,7378.529364059539,47071.96707479152,-2.692671841941774e-06
36.0,0.3,0.671,0.6384852009740465,-12.36415403224702,-12.411721682663142,0.009035264587714717,0.021476740165711234,8.31923835185503,-12.702130956614042,-12.701713719268355,0.005824325024615224,0.00011016132992878852,0.002470254290601476,0.0032439094040849583,1.3010426069826053e-18,54933.077442235524,22.775052361156042,7494.916110533658,47460.936386782065,-2.719047188293189e-06
36.2,0.3,0.672,0.638831620024215,-12.304686179801754,-12.352212112852214,0.009162371454969152,0.02177887201086083,8.363707449865197,-12.64250951872549,-12.642090790274779,0.005880292273410374,0.00011147204873621662,0.0024909057397173983,0.003277914484956758,4.336808689942018e-19,55437.87970688468,23.11935658571304,7612.257954489863,47848.74111172231,-2.741777279879898e-06
36.4,0.3,0.672,0.6391662663646777,-12.2450807237933,-12.2928742808827,0.009290113354520011,0.02208251332189211,8.406685315033751,-12.583069147685308,-12.582648866614477,0.005936259522205522,0.00011321090873049798,0.002510864660301675,0.003312183953173349,0.0,55942.47789483204,23.46685569688168,7730.5757838341315,48235.36896947213,-2.7773421606980264e-06
36.6,0.299,0.673,0.6397342603824329,-12.185891036579108,-12.234732915756354,0.009418182142325053,0.022386931643273243,8.450356152822025,-12.523931746347728,-12.523510198980489,0.005992133492252681,0.00011436262921659688,0.002531145397370549,0.0033466254656655363,-1.734723475976807e-18,56445.9650282506,23.81499249995559,7849.818339099278,48619.9616844553,-2.8040303732268512e-06
